candidate	song	artist	sentiment	theme	album_release_date	line	url	artist_genius	lastfm_song	lastfm_artist	lastfm_listeners
Donald Trump
Hillary Clinton
Jeb Bush
Chris Christie
Ben Carson
Ted Cruz
Mike Huckabee
Bernie Sanders
root
Donald Trump	211	Master P	positive	money	1994	Put more cash in my pockets than Donald Trump	http://genius.com/Master-p-211-lyrics	Master P	211	Master P	327
Donald Trump	Slenderman	Germ	neutral		2016	"That gives no fuck, like Trump and such"	http://genius.com/Uicideboy-x-germ-slenderman-lyrics	$UICIDEBOY$ x GERM	$UICIDEBOY$ x GERM - SLENDERMAN	Germ	105
Donald Trump	10 2 10 (Remix)	Rick Ross	positive	hotel	2014	"I got a place at the Trump, just to pray for advice"	http://genius.com/Big-sean-10-2-10-remix-lyrics	Big Sean	10 2 10 (Remix) (Feat Big Sean and Travis )	Rick Ross	7
Donald Trump	10 Times	Freddie Gibbs	positive	hotel	2015	"Smokin at the Trump Tower, bout to call a ho"	http://genius.com/Freddie-gibbs-10-times-lyrics	Freddie Gibbs	10 Times	Freddie Gibbs	8044
Hillary Clinton	Nightmares of the Bottom (Triggamix)	Trey Songz	negative	sexual	2011	She think she's my bottom bitch; Hillary Rodham-ish	http://genius.com/Trey-songz-nightmares-of-the-bottom-triggamix-lyrics	Trey Songz	18 Nightmares Of The Bottom - Triggamix	Trey Songz	31
Donald Trump	Three Strikes You In	Ice Cube	positive	money	1998	I'm just tryin' to get rich like Trump	http://genius.com/Ice-cube-three-strikes-you-in-lyrics	Ice Cube	3 Strikes You In	Ice Cube	7093
Donald Trump	Men of Respect	Sheek Louch	neutral		2007	"I'm getting sex from 9th and up, that's living it up / Not Donald Trump but what, buying pies for the class"	http://genius.com/Kasino-men-of-respect-lyrics	Kasino	33. Men Of Respect	Sheek Louch	1
Donald Trump	50/Banks	50 Cent	positive	money	2002	"We can talk Trump talk, real estate, stocks, and bonds"	http://genius.com/50-cent-50-banks-lyrics	50 Cent	50/Banks	50 Cent	418
Hillary Clinton	A Milli	Fabolous	negative	personal	2008	"Hillary, Bill Clin--Fuck it. They don't get it"	http://genius.com/Fabolous-a-milli-lyrics	Fabolous	A Millie (Freestyle)	Fabolous	215
Hillary Clinton	A Thing for Me	G-Eazy	neutral	personal	2011	"Liberally, accepting Monicas but missing Hillary"	http://genius.com/G-eazy-a-thing-for-me-lyrics	G-Eazy	A Thing For Me ft. Metronomy/Breakbot	G-Eazy	609
Hillary Clinton	American History X	Ill Bill	negative	political	2004	"I eat politicians for breakfast / Till infinity it's endless / Bill and Hillary, George Bush, everybody's gettin it"	http://genius.com/Ill-bill-american-history-x-lyrics	ILL BILL	American History X	Ill Bill	21489
Donald Trump	Another One	Rock	neutral		2011	"I own them, fuck a Donald Trump, I'm 'Donald Dump' I got realty"	http://genius.com/Random-axe-another-one-lyrics	Random Axe	Another One	Random Axe	2792
Jeb Bush	Awe	Dez & Nobs	neutral		2006	I heard Jeb Bush looking for a (inaudible)	http://genius.com/Dez-and-nobs-awe-lyrics	Dez & Nobs	Awe	Dez & Nobs	370
Donald Trump	Ba Bump	Black Eyed Peas	positive	money	2006	And if you got money fellas keep it like Trump	http://genius.com/Black-eyed-peas-ba-bump-lyrics	The Black Eyed Peas	Ba Bump	Black Eyed Peas	109097
Hillary Clinton	Back Together	Nicki Minaj	positive		2015	Used to call me Hillary cause I ride 'em	http://genius.com/Robin-thicke-back-together-lyrics	Robin Thicke	Back Together	Nicki Minaj	355
Hillary Clinton	Bad Bad Bad	Gucci Mane	positive	personal	2010	Stay down like Hillary and I can be your Billy	http://genius.com/Gucci-mane-bad-bad-bad-lyrics	Gucci Mane	Bad Bad Bad (feat. Keyshia Cole)	Gucci Mane	5861
Donald Trump	Bad Boy on Death Row	Dave East	negative		2016	"Donald Trump ain't safe on my block, gotcha your wifey at IHOP"	http://genius.com/Dave-east-bad-boy-on-death-row-lyrics	Dave East	Bad Boy on Death Row (feat. The Game)	Dave East	193
Donald Trump	Bad Boyz	Shyne	positive	hotel	2000	What type of n---- stay in the Trump for weeks? (Bad Boyz)	http://genius.com/Shyne-bad-boyz-lyrics	Shyne	Bad Boyz	Shyne	8057
Hillary Clinton	Badman in Tivoli	Skepta	neutral	personal	2012	Black Bill Clinton linking Monica and Hillary	http://genius.com/Skepta-badman-in-tivoli-lyrics	Skepta	Badman In Tivoli	Skepta	1511
Donald Trump	Ball	Lil Wayne	neutral	The Apprentice	2012	I'ma fire my blunt like Donald Trump	http://genius.com/Ti-ball-lyrics	T.I.	Ball	T.I	3735
Donald Trump	Bars	Migos	positive	money	2016	Billionaire looking my way I�۪m on pace / Feeling like Donald Trump back in the day	http://genius.com/Migos-bars-lyrics	Migos	Bars	Migos	2962
Donald Trump	Billionaire	Twista	positive	money	2009	Donald Trump makin big money go-getter	http://genius.com/Twista-billionaire-lyrics	Twista	Billionaire Ft. Busta Rhymes	Twista	1811
Hillary Clinton	Bitch I'm Bill Clinton	Lil B	positive	political	2010	"Shout-outs to Hillary Clinton, you gonna win that presidency"	http://genius.com/Lil-b-bitch-im-bill-clinton-lyrics	Lil B	Bitch I'm Bill Clinton	Lil B	790
Donald Trump	Black Friday	Kendrick Lamar	negative	political	2015	"Play with him, bitch you better off voting for Donald Trump"	http://genius.com/Kendrick-lamar-black-friday-lyrics	Kendrick Lamar	Black Friday	Kendrick Lamar	2664
Donald Trump	Blame the Label (Ghida Fakhry)	The Narcicyst	neutral	personal	2012	We're brushing up over here (hair) like Donald Trump	http://genius.com/The-narcicyst-blame-the-label-ghida-fakhry-lyrics	Narcy	Blame The Label (Ghida Fakhry)	The Narcicyst	34
Donald Trump	Blow Ya Mind Remix	Jadakiss	positive	hotel	2007	"Pump haze, blow sour, top floor of the Trump Towers"	http://genius.com/Styles-p-blow-ya-mind-remix-lyrics	Styles P	Blow Ya Mind Remix Ft Styles P & Sheek	Jadakiss	155
Donald Trump	Blue Flame Remix	Lil B	neutral	The Apprentice	2010	"Call me Donald Trump how I fire losers / How Donald Trump fire workers, I fire rugers"	http://genius.com/Lil-b-blue-flame-remix-lyrics	Lil B	Blue Flame (Remix)	Lil B	2291
Donald Trump	Bonnie & Shyne	Shyne	neutral	hotel	2000	"Did it all, Four Seasons to the Trump"	http://genius.com/Shyne-bonnie-and-shyne-lyrics	Shyne	Bonnie & Shyne (feat. Barrington Levy)	Shyne	1926
Hillary Clinton	Born to Ball	Skeme	positive	money	2012	But I'm all about my bills / Grind stay Hillary Rodham	http://genius.com/Skeme-born-to-ball-lyrics	Skeme	Born To Ball	Skeme	509
Donald Trump	Boughetto	Ali	positive	money	2002	"Trump money, but it's still the motel and Kyjuan"	http://genius.com/Ali-boughetto-lyrics	Ali Jones	Boughetto	Ali	448
Chris Christie	Brass Tacks	Chris Webby	neutral		2016	Eating rappers like I got the appetite of Chris Christie	http://genius.com/Chris-webby-brass-tacks-lyrics	Chris Webby	Brass Tacks (feat. D. Lector)	Chris Webby	237
Donald Trump	Break My Wrist	Young Thug	neutral	The Apprentice	2013	I'm Donald Trump I just fire my bitch	http://genius.com/Peewee-longway-break-my-wrist-lyrics	PeeWee Longway	Break My Wrist (Feat. Migos & Peewee Longway)	Young Thug	126
Donald Trump	Break My Wrist	PeeWee Longway	neutral	The Apprentice	2013	"I'm Donald Trump, you think I won't fire my bitch"	http://genius.com/Peewee-longway-break-my-wrist-lyrics	PeeWee Longway	Break My Wrist (Feat. Migos & Young Thug)	PeeWee Longway	3
Jeb Bush	Bricks and Marijuana	Kase	neutral		2001	When Jeb Bush pushing life / If I tout my weapon	http://genius.com/Trick-daddy-bricks-and-marijuana-lyrics	Trick Daddy	Bricks & Marijuana	Kase	17
Hillary Clinton	Bring It Back	KRS-ONE	neutral		1997	It Takes a Village like Hillary	http://genius.com/Krs-one-bring-it-back-lyrics	KRS-One	Bring It Back	KRS-One	355
Donald Trump	Buku	Robb Bank$	positive	hotel	2015	I'm with my Mexican bitch at the Trump	http://genius.com/Robb-bank-buku-lyrics	Robb Bank$	Buku	Robb Bank$	2878
Jeb Bush	Bush Song	Macklemore	negative	political	2005	"Way to go Jeb, really great strategy"	http://genius.com/Macklemore-bush-song-lyrics	Macklemore	Bush Song	Macklemore	14258
Donald Trump	Buy U Some 2	Erick Sermon	positive	money	2006	"No need to talk about the reeiches, I mean Trump punk"	http://genius.com/Too-short-buy-u-some-2-lyrics	Too $hort	Buy U Some 2 [*]	Erick Sermon	4
Donald Trump	Castle	Kevin Gates	negative		2016	I just told Donald Trump think about if you came from rubble	http://genius.com/Kevin-gates-castle-lyrics	Kevin Gates	Castle	Kevin Gates	62
Jeb Bush	Chamber of Fear	RZA	neutral	personal	2005	Bobby got Bush like George and Jeb	http://genius.com/Rza-chamber-of-fear-lyrics	RZA	Chamber Of Fear (Feat. Rev William Burk)	RZA	210
Donald Trump	Cloud Aura	Brooke Candy	positive	personal	2013	"Ivana and Trump, shit, we coulda' ran the world"	http://genius.com/Charli-xcx-cloud-aura-lyrics	Charli XCX	Cloud Aura (feat. Charli XCX)	Brooke Candy	422
Donald Trump	Coke & Wet	Spank Rock	positive	money	2006	"That's Wall Street, Donald Trump, bass grilla stack"	http://genius.com/Spank-rock-coke-and-wet-lyrics	Spank Rock	Coke & Wet	Spank Rock	32663
Donald Trump	Come Again	Rockie Fresh	negative	political	2016	We fucking up if we let Trump in the office	http://genius.com/Rockie-fresh-come-again-lyrics	Rockie Fresh	Come Again	Rockie Fresh	416
Donald Trump	Comin' for Ya Head	Raekwon	positive	hotel	2012	"We chilling in the Trump Towers, onions and soul"	http://genius.com/Wu-block-comin-for-ya-head-lyrics	Wu Block	Comin For Ya Head	Raekwon	1
Donald Trump	Computers (Freestyle)	Migos	neutral	hotel	2015	Smoking power at the Trump tower	http://genius.com/Migos-computers-freestyle-lyrics	Migos	Computers (Freestyle) ft Bobby Shmurda	Migos	50
Donald Trump	Constantly Hating	Young Thug	positive	money	2015	I've seen more holes than a golf course on Donald Trumps course	http://genius.com/Young-thug-constantly-hating-lyrics	Young Thug	Constantly Hating (feat. Birdman)	Young Thug	33633
Donald Trump	Country Grammar (Hot Shit)	Nelly	positive	money	2000	"Bill Gates, Donald Trump, let me in now"	http://genius.com/Nelly-country-grammar-hot-shit-lyrics	Nelly	Country Grammar (Hot Shit)	Nelly	32952
Hillary Clinton	Cradle Rock	Method Man	negative	political	1998	Bad vibes filling me with thoughts of conspiracy / White Water scandals with Bill Clinton/Hillary	http://genius.com/Method-man-cradle-rock-lyrics	Method Man	Cradle Rock	Method Man	13765
Donald Trump	Crazy	50 Cent	positive	hotel	2002	Now I'm paid - catch me in the Trump Tower lobby	http://genius.com/50-cent-crazy-lyrics	50 Cent	Crazy (feat. PnB Rock)	50 Cent	1100
Donald Trump	Cross 'Em Out and Put a 'K	Westside Connection	positive	money	1996	I smoke and make dough like Trump	http://genius.com/Westside-connection-cross-em-out-and-put-a-k-lyrics	Westside Connection	Cross em out and put a k	Westside Connection	98
Donald Trump	Da Funk	Redman	positive	personal	1992	I'm well known like Donald Trump	http://genius.com/Redman-da-funk-lyrics	Redman	Da Funk	Redman	20310
Hillary Clinton	Dark Night of the Blood Spiller	Chino XL	negative	sexual	1994	Getting my dick sucked / On the cover of Source magazine by Hillary Clinton	http://genius.com/Chino-xl-night-of-the-blood-spiller-lyrics	Chino XL	Dark Night of the Blood Spiller	Chino XL	5
Donald Trump	Dart School	Raekwon	neutral		2011	"We was cooling in the Trump section, throwing bubbly"	http://genius.com/Raekwon-dart-school-lyrics	Raekwon	Dart School	Raekwon	9586
Hillary Clinton	Datpiff (freeverse series Ep. 4)	Chris Webby	neutral		2016	"The planet is collapsing, economies are crashin' / And Hillary Clinton is dabbin'"	http://genius.com/Chris-webby-datpiff-freeverse-series-ep-4-lyrics	Chris Webby	DatPiff (Freeverse Series Ep. 4)	Chris Webby	11
Donald Trump	Datpiff (freeverse series Ep. 4)	Chris Webby	neutral		2016	You'll never see it like Donald Trump on a prayer mat	http://genius.com/Chris-webby-datpiff-freeverse-series-ep-4-lyrics	Chris Webby	DatPiff (Freeverse Series Ep. 4)	Chris Webby	11
Chris Christie	Daydreaming	Awkwafina	neutral		2014	"Chris Christie, you a man beast"	http://genius.com/Awkwafina-daydreaming-lyrics	Awkwafina	Daydreaming	Awkwafina	55
Donald Trump	Daze	Ja-Bar	positive	money	2010	"The Donald Trump money, a pow way is stuntin' and problems keep on comin'"	http://genius.com/Ja-bar-daze-lyrics	Ja-Bar	Daze	Ja-bar	939
Donald Trump	Dipshits	Cam'ron	positive	hotel	2014	"Lookin' for me? Top floor suite of the Trump, baby"	http://genius.com/Camron-dipshits-lyrics	Cam\'ron	Dipshits	Cam'ron	93
Hillary Clinton	Disgusting	Logic	neutral	personal	2012	However on the light of note I stayed with bills like Hilary	http://genius.com/Logic-disgusting-lyrics	Logic	Disgusting (Feat C Dot Castro)	Logic	4747
Donald Trump	Dolly and the Rat Trap	Ultramagnetic MC's	neutral	money	1992	Look at Donald Trump!	http://genius.com/Ultramagnetic-mcs-dolly-and-the-rat-trap-lyrics	Ultramagnetic MC\'s	Dolly And The Rat Trap	Ultramagnetic MC's	1416
Donald Trump	Don't Drop That	Futuristic	neutral	The Apprentice	2013	Not even Donald Trump would fire Zach	http://genius.com/Futuristic-dont-drop-that-lyrics	Futuristic	Don't Drop That...	Futuristic	7
Donald Trump	Don't Trip	Petey Pablo	neutral		2009	I done been with Donald Trump and you help bitches	http://genius.com/Petey-pablo-dont-trip-lyrics	Petey Pablo	Don't Trip Featuring Ying Yang Twins	Petey Pablo	114
Donald Trump	Donald Trump 	Mac Miller	positive	money	2011	"Take over the world when I'm on my Donald Trump shit / Look at all this money, ain't that some shit"	http://genius.com/Mac-miller-donald-trump-lyrics	Mac Miller	Donald Trump	Mac Miller	276185
Donald Trump	Dope	T.I.	negative		2016	"Where I stay all they say is ���Fuck Trump�۝, all day"	http://genius.com/Ti-dope-lyrics	T.I.	DOPE	T.I.	5411
Hillary Clinton	Dope Boy	Gorilla Zoe	neutral		2009	"Hey Ms. Hilary, can't be kin to me (No) / But I keep that white bitch on another level G"	http://genius.com/Gorilla-zoe-dope-boy-lyrics	Gorilla Zoe	Dope Boy	Gorilla Zoe	44474
Donald Trump	Dope Spot	Cam'ron	neutral	political	2015	"Arrogant rich n----, we might vote for Trump"	http://genius.com/Camron-berner-dope-spot-lyrics	Berner & Cam\'ron	Dope Spot (feat. Berner Wiz Khalifa & Young Dolph)	Cam'ron	2
Donald Trump	Driving Gloves	The Alchemist	positive	money	2015	"Pockets Trump like I just struck the lottery, lotto"	http://genius.com/Gangrene-driving-gloves-lyrics	Gangrene	Driving Gloves (feat. Action Bronson)	The Alchemist	1499
Donald Trump	Dumb	The High & Mighty	negative	personal	2005	"I'm Donald Trump, with raccoon hair-dos"	http://genius.com/The-high-and-mighty-dumb-lyrics	The High & Mighty	Dumb	The High & Mighty	596
Donald Trump	E.I.	Nelly	positive	hotel	2000	Get a room in Trump Towers just to hit the P hours	http://genius.com/Nelly-ei-lyrics	Nelly	E.I.	Nelly	124619
Donald Trump	El Chapo	The Game	negative	personal	2015	Come through and knock Donald Trump out his toupee	http://genius.com/The-game-el-chapo-lyrics	The Game	El Chapo	The Game	10113
Donald Trump	Elimination Chamber	Action Bronson	positive	hotel	2012	"Backflip in a jacuzzi, forty floors inside the Trump"	http://genius.com/Domo-genesis-and-alchemist-elimination-chamber-lyrics	Domo Genesis & Alchemist	Elimination Chamber (Feat. Vince Staples Earl Sweatshirt & Domo Genesis)	Action Bronson	182
Hillary Clinton	Energy	Big Boi	neutral	personal	2008	Energy like Bill and Hillary Clinton	http://genius.com/Raheem-devaughn-energy-feat-big-boi-lyrics	Raheem DeVaughn	Energy	Big Boi	43
Hillary Clinton	Every Girl	Gudda Gudda	neutral		2010	"And Hillary can Rodham too, boy, I gets my pimpin' on"	http://genius.com/Young-money-every-girl-lyrics	Young Money	Every Girl In The World	Gudda Gudda	41
Donald Trump	Everything's a Go (Remix)	Waka Flocka Flame	positive	money	2012	"Donald Trump bank account, you can call it that"	http://genius.com/Waka-flocka-flame-everythings-a-go-remix-lyrics	Waka Flocka Flame	Everything's A Go Remix (Ft. French Montana Birdman Wale Fabolous Jadakiss)	Waka Flocka Flame	113
Donald Trump	Everywhere I Go	Tha Eastsidaz	positive	hotel	2001	I got a room at the Trump / Later on we can slump	http://genius.com/Tha-eastsidaz-everywhere-i-go-lyrics	Tha Eastsidaz	Everywhere I Go	Tha Eastsidaz	664
Hillary Clinton	Fall Down Brew	R.A. the Rugged Man	negative		2008	"Sewed Hillary Clinton's mouth, and that's after drinkin just one"	http://genius.com/Chief-chinchilla-aka-j-zone-fall-down-brew-lyrics	Chief Chinchilla a.k.a. J-Zone	Fall Down Brew (Featuring J-Zone & Chief Chinchilla)	R.A. the Rugged Man	1
Donald Trump	Favorite Drug	Styles P	positive	hotel	2006	"Got a blunt blaze it up, we can get a room in the Trump"	http://genius.com/Styles-p-favorite-drug-lyrics	Styles P	Favorite Drug	Styles P	3455
Donald Trump	FDT (Fuck Donald Trump)	YG & Nipsey Hussle	negative	political	2016	Fuck Donald Trump	http://genius.com/Yg-and-nipsey-hu-le-fdt-fuck-donald-trump-lyrics	YG	FDT (Fuck Donald Trump)	YG & Nipsey Hussle	107
Donald Trump	Feel the Beat	LL Cool J	positive	hotel	2004	Spend a night in Trump Towers with a blue eyed blonde	http://genius.com/Ll-cool-j-feel-the-beat-lyrics	LL Cool J	Feel The Beat	LL Cool J	5576
Hillary Clinton	Opening Day	E-dubble	negative		2010	"Specially when you throwin' like Hillary Rodham / Problem, from top to bottom"	http://genius.com/E-dubble-opening-day-lyrics	E-Dubble	FF #11 (Opening Day)	E-dubble	220
Donald Trump	Fire	Makeba Mooncycle	neutral		1999	Playin Donald Trump for the mic with this	http://genius.com/Royal-fam-fire-lyrics	Royal Fam	Fire	Royal Fam	259
Donald Trump	Fired	Tech N9ne	neutral	The Apprentice	2015	Donald Trump! (Fire that bitch!)	http://genius.com/Tech-n9ne-fired-lyrics	Tech N9ne	Fired (feat. Stevie Stone and Darrein Safron)	Tech N9ne	502
Donald Trump	Flawless Remix	Nicki Minaj	positive	hotel	2014	"I told him meet me at the Trump, Ivanka"	http://genius.com/Beyonce-flawless-remix-lyrics	Beyonc\xc3\xa9	Flawless (Remix)	Nicki Minaj	683
Donald Trump	FLEM	A$AP Ferg	negative	political	2016	"Trump win, I'm flying off the soil"	http://genius.com/A-ap-ferg-flem-lyrics	A$AP Ferg	Flem	A$AP Ferg	240
Donald Trump	Flex 36	Lil B	positive		2013	"Stephen Curry Basedgod, Donald Trump Basedgod"	http://genius.com/Lil-b-flex-36-lyrics	Lil B	Flex 36 (DatPiff Exclusive)	Lil B	1338
Donald Trump	Florida State	RiFF RAFF	positive	money	2015	"I could switch lanes, Donald Trump private planes"	http://genius.com/Riff-raff-florida-state-lyrics	RiFF RAFF	Florida State	Riff Raff	198
Donald Trump	Folklore	Dumbtron	negative	political	2009	Alarming heat at the heels of a punk politician / Trump tall tales with a bump full of bomb fission	http://genius.com/Mr-lif-folklore-lyrics	Mr. Lif	Folklore	Dumbtron	413
Donald Trump	Free Enterprise	Rick Ross	negative	political	2015	Assassinate Trump like I'm Zimmerman	http://genius.com/Rick-ross-free-enterprise-lyrics	Rick Ross	Free Enterprise	Rick Ross	3912
Hillary Clinton	Fresh	Slick Rick	neutral	personal	1998	Babies jump out the carriage / Could even fix the Hillary and Clinton marriage	http://genius.com/Jermaine-dupri-fresh-lyrics	Jermaine Dupri	Fresh	Jermaine Dupri	326
Hillary Clinton	Fukinwichu	Cunninlynguists	negative	personal	2001	Send Hillary the Bill and Lewinski scene in claymation	http://genius.com/Cunninlynguists-fukinwichu-lyrics	CunninLynguists	Fukinwichu	CunninLynguists	28357
Hillary Clinton	Gang Love	T.H.U.G. Angelz	negative	political	2008	It's like we paying them rent to live inside a prison / Hilary Clinton is benefiting them politicians	http://genius.com/Thug-angelz-gang-love-lyrics	T.H.U.G. Angelz	Gang Love	T.H.U.G. Angelz	507
Donald Trump	Get Down	Lil Wayne	positive	money	2004	I gotta hold up my estate like Donald Trump	http://genius.com/Lil-wayne-get-down-lyrics	Lil Wayne	Get Down	Lil Wayne	0
Donald Trump	Get It (DT)	Pharrell	positive	money	2011	I'm talking Donald Trump level	http://genius.com/Big-sean-get-it-dt-lyrics	Big Sean	Get It (DT)	Big Sean	42318
Donald Trump	Get Paid	Styles P	positive	hotel	2002	"Tryin' to see my shit in the Forbes, Trump Tower for 'self"	http://genius.com/Styles-p-get-paid-lyrics	Styles P	Get Paid	Styles P	1610
Donald Trump	Ghetto Manifesto	The Coup	neutral		2001	Met Donald Trump and he froze up	http://genius.com/The-coup-ghetto-manifesto-lyrics	The Coup	Ghetto Manifesto	The Coup	8525
Hillary Clinton	Girls Got a Gun	Yo-Yo	negative	personal	1993	Fuck Bill Clinton and Hillary	http://genius.com/Yo-yo-girls-got-a-gun-lyrics	Yo-Yo	Girls Got A Gun	Yo-Yo	83
Donald Trump	Giv No Fuks	Migos	positive		2014	"Wake up in the morning, up like Donald Trump"	http://genius.com/Jeremih-giv-no-fuks-lyrics	Jeremih	Giv No Fuks (feat. Jeremih)	Migos	1
Donald Trump	Give It Up Fast	Nas	positive	hotel	1996	I need a suite with the flowers complimentary at Trump Towers	http://genius.com/Mobb-deep-give-it-up-fast-lyrics	Mobb Deep	Give It Up Fast	Nas	478
Donald Trump	Good Morning	Cage	neutral		2005	Donald Trump shotgun pumps illegal store fronts	http://genius.com/Cage-good-morning-lyrics	Cage	Good Morning	Cage	24444
Hillary Clinton	Gossip Folks	Angel Haze	negative		2012	���Cause I was alone at the bottom / Kept getting played like Hilary Rodham	http://genius.com/Angel-haze-gossip-folks-lyrics	ROES	Gossip Folks	Angel Haze	4673
Hillary Clinton	Gotta Be Insanity	Ice Cube	positive	personal	2000	Would you stay down like Hillary? / Even if you thought about killin' me?	http://genius.com/Ice-cube-gotta-be-insanity-lyrics	Ice Cube	Gotta Be Insanity	Ice Cube	8105
Donald Trump	Gratitude	Talib Kweli	positive	hotel	2015	Joey made this beat in the Trump Tower	http://genius.com/Talib-kweli-gratitude-lyrics	Talib Kweli	Gratitude	Talib Kweli	622
Hillary Clinton	Greasy	Gucci Mane	neutral		2013	What you're Hillary Rodham bitch?	http://genius.com/Gucci-mane-greasy-lyrics	Gucci Mane	Greasy	Gucci Mane	3681
Hillary Clinton	Grillz	Ali	neutral		2005	Got a bill in my mouth like I'm Hillary Rodham	http://genius.com/Nelly-grillz-lyrics	Nelly	Grillz	Ali	104
Donald Trump	Gucci Comin Home	BIA	neutral		2016	Man if Gucci comin' home then we don't need no Donald Trump	http://genius.com/Bia-gucci-comin-home-lyrics	BIA	Gucci Comin Home	Bia	53
Hillary Clinton	Hand of the Dead Body	Ice Cube	negative	personal	1994	"And I can't stop, won't stop / So fuck Bill and Hillary"	http://genius.com/Scarface-hand-of-the-dead-body-lyrics	Scarface	Hand of the Dead Body	Ice Cube	256
Hillary Clinton	Happy People	Prince Ital Joe	negative	political	1993	Mr. Bill Clinton and the bird Hillary / Wrap up the war on the brutality	http://genius.com/Prince-ital-joe-happy-people-lyrics	Prince Ital Joe	Happy People (feat. Marky Mark)	Prince Ital Joe	511
Donald Trump	Have a Nice Day	Ab-Stract	negative	political	2015	Don't look like change will happen soon / Donald Trump is all that they talk about	http://genius.com/Ab-stract-have-a-nice-day-lyrics	Abstract	Have a Nice Day (feat. Roze & Drumma Battalion)	Abstract	123
Donald Trump	Hazelton Trump	OB O'Brien	positive	hotel	2014	"Uh, I know this girl, I call her Hazelton Trump"	http://genius.com/Ob-obrien-hazelton-trump-lyrics	OB O\'Brien	Hazelton Trump	OB O'Brien	19
Donald Trump	Heavy Metal Kings	Jedi Mind Tricks	neutral	The Apprentice	2006	"I'm like Trump in the Apprentice, only fire at night"	http://genius.com/Jedi-mind-tricks-heavy-metal-kings-lyrics	Jedi Mind Tricks	Heavy Metal Kings	Jedi Mind Tricks	28709
Donald Trump	Help Me	Deuce	neutral	money	2012	Motherfucker I ain't got no love for some fake ass wannabe Donald Trump!	http://genius.com/Deuce-help-me-lyrics	Deuce	Help Me	Deuce	13241
Donald Trump	Hey Papi	Jay Z	positive	hotel	2000	I went to 1 Trump Plaza on their asses	http://genius.com/Jay-z-hey-papi-lyrics	JAY-Z	Hey Papi (feat. Memphis Bleek & Amil)	JAY Z	0
Jeb Bush	Hidden Agenda	K-Rino	negative	political	2012	The Rockefeller's and the Bush family in the same box G / Henry Ford all of them supported the Nazis	http://genius.com/K-rino-hidden-agenda-lyrics	K-Rino	Hidden Agenda	K-Rino	197
Donald Trump	Hip Hop Quotables	Ludacris	positive	money	2003	"I buy cars with straight cash, have meetings with Donald Trump"	http://genius.com/Ludacris-hip-hop-quotables-lyrics	Ludacris	Hip Hop Quotables	Ludacris	25988
Hillary Clinton	Hit It for Free	Field Mob	negative	personal	2002	I'm like Farakahn being best friends with porky pig / Or like Hillary Clinton dikin' with Lewinsky	http://genius.com/Field-mob-hit-it-for-free-lyrics	Field Mob	Hit It For Free	Field Mob	366
Hillary Clinton	Holla at a Playa (Remix)	Jae Millz	neutral	political	2008	"Straight Osam 'em, treat 'em like Hillary"	http://genius.com/Jae-millz-holla-at-a-playa-remix-lyrics	Jae Millz	Holla At A Playa (Remix) (Feat. Lil Wayne and JR Writer)	Jae Millz	94
Donald Trump	How We Rock	Termanology	neutral	money	2008	I copped enough coke and guns to open Trump	http://genius.com/Termanology-how-we-rock-lyrics	Termanology	How We Rock (Feat. Bun B) (Prod. By DJ Premier)	Termanology	3352
Donald Trump	Hustle Harder	Common	positive	hotel	2014	She know what n----s want she know how to make 'em hunt / Hotel suite at the Trump	http://genius.com/Common-hustle-harder-lyrics	Common	Hustle Harder	Common	6303
Donald Trump	I Gotta Say What Up!!!	Ice Cube	positive	money	1990	Cause he makin' more than Donald Trump	http://genius.com/Ice-cube-i-gotta-say-what-up-lyrics	Ice Cube	I Gotta Say What Up!!!	Ice Cube	8671
Donald Trump	I Mean It (Remix)	Rick Ross	neutral	money	2014	I'm at the poker table like I'm Donald Trump	http://genius.com/G-eazy-i-mean-it-remix-lyrics	G-Eazy	I Mean It (Remix)	Rick Ross	12
Donald Trump	I Need	Croosh	negative	political	2016	I want to buy Donald Trump and sell him to El Chapo	http://genius.com/Croosh-i-need-lyrics	Croosh	I Need	croosh	492
Donald Trump	I Need Dollas	T.I.	positive	money	2012	Used to want dough like JC but now I'm thinking Donald Trump	http://genius.com/Ti-i-need-dollas-lyrics	T.I.	I Need Dollas	T.I.	1428
Hillary Clinton	I Shoulda Tried Harder	Wax	neutral	personal	2013	"Bill Clinton, Hillary Clinton, I ain't talking to ya'll, nope"	http://genius.com/Wax-i-shoulda-tried-harder-lyrics	Wax	I Shoulda Tried Harder	Wax	2820
Donald Trump	I Shoulda Tried Harder	Wax	neutral		2013	But Donald Trump I ain't talking to you	http://genius.com/Wax-i-shoulda-tried-harder-lyrics	Wax	I Shoulda Tried Harder	Wax	2820
Donald Trump	I Wanna Be With You	Nicki Minaj	positive	hotel	2013	"At the Trump, and you bitches at the Radisson"	http://genius.com/Dj-khaled-i-wanna-be-with-you-lyrics	DJ Khaled	I Wanna Be With You (Verse)	Nicki Minaj	8
Donald Trump	I Wish You Would	Chino XL	neutral	The Apprentice	2005	Music's my apprentice Donald Trump couldn't fire me	http://genius.com/Sway-i-wish-you-would-lyrics	Sway In The Morning	I Wish You Would	Chino XL	7
Donald Trump	I'm Ballin	Rick Ross	neutral	money	2009	Proceeds 'till we perceive the stunt like Donald Trump	http://genius.com/J-money-im-ballin-lyrics	J-Money	I'm Ballin Ft. J-Money	Rick Ross	1
Donald Trump	I'm Ballin' Man	Drama	positive	money	2000	More realer than Rockafeller more cheese than Donald Trump	http://genius.com/Dr-ama-im-ballin-lyrics	Dr. Ama	I'm Ballin Man (instrumental)	Drama	1
Donald Trump	Ice Cream	Lil Wayne	positive	money	2009	"I was in the trenches, now I'm in the Trump"	http://genius.com/Lil-wayne-ice-cream-lyrics	Lil Wayne	Ice Cream Paint Job	Lil Wayne	2
Donald Trump	If You Love Me	Sheek Louch	positive	hotel	2010	"Burgundy gauze, Trump building one of these floors"	http://genius.com/Dj-absolut-if-you-love-me-lyrics	DJ Absolut	If You Love Me (Feat. Havoc  Cassidy & Joell Ortiz)	Sheek Louch	4
Donald Trump	CIT4DT	Dooley	negative	political	2016	We got a chopper in the trunk for Donald Trump	http://genius.com/Dooley-cit4dt-lyrics	Dooley	In The Trunk For Trump (CIT4DT)	Dooley	13
Donald Trump	Incarcerated Scarfaces	Raekwon	positive	money	1995	"Rae's a heavy generator, but yo, guess who's the black Trump? / You rolling like Trump, you get your meat lumped"	http://genius.com/Raekwon-incarcerated-scarfaces-lyrics	Raekwon	Incarcerated Scarfaces	Raekwon	129960
Donald Trump	Independent	KXNG Crooked	positive	hotel	2010	"We fuck a couple hoes, am I sweet at the Trump?"	http://genius.com/Crooked-i-independent-lyrics	Crooked I	Independent	Kxng Crooked	11
Donald Trump	InHeiritance	King Mez	negative		2014	Trump for the china white and they mental like dynamite	http://genius.com/King-mez-inheiritance-lyrics	King Mez	InHeiritance feat. Sonny Base	King Mez	90
Donald Trump	Invisible Man	Joe Budden	positive	hotel	2007	"One's national, Trump International, rational"	http://genius.com/Joe-budden-invisible-man-lyrics	Joe Budden	Invisible Man	Joe Budden	793
Donald Trump	Is It Love	Kendrick Lamar	positive	money	2009	"Give me fame and fortune, me and Trump on golf courses"	http://genius.com/Kendrick-lamar-is-it-love-lyrics	Kendrick Lamar	Is It Love feat. Angela McCluskey	Kendrick Lamar	7679
Donald Trump	Tower Heist	Nas	positive	hotel	2011	"This a tower heist, even Donald Trump can get it"	http://genius.com/Nas-tower-heist-lyrics	Nas	It's a Tower Heist (feat. Rick Ross)	Nas	307
Donald Trump	It's Goin' Down	Yung Joc	positive	money	2006	Boys from the hood call me black Donald Trump	http://genius.com/Yung-joc-its-goin-down-lyrics	Yung Joc	It's Goin Down	Yung Joc	2772
Donald Trump	Its Sad Boy	Yung Gleesh	neutral	hotel	2013	Pushed a button to the Trump Towers	http://genius.com/Yung-gleesh-its-sad-boy-lyrics	Yung Gleesh	Its Sad Boy (feat. Yung Lean)	Yung Gleesh	1821
Donald Trump	Jealousy	Fat Joe	positive	money	2006	We fuckin with Donald Trump now	http://genius.com/Fat-joe-jealousy-lyrics	Fat Joe	Jealousy	Fat Joe	5034
Donald Trump	Jet Life (Remix)	Jeezy	positive	hotel	2012	Trump Towers I'm sky high	http://genius.com/Curren-y-jet-life-remix-lyrics	Curren$y	Jet Life (Remix) Feat. Young Jeezy & Lil Wayne	Curren$y	132
Donald Trump	John They're Stealing	Thirstin Howl III	neutral	money	2002	"Sold to Donald Trump, for personal checks"	http://genius.com/Thirstin-howl-iii-john-theyre-stealing-lyrics	Thirstin Howl III	John They're Stealing!	Thirstin Howl III	91
Donald Trump	Johnny Ryall	Beastie Boys	neutral		1989	Donald Trump and Donald Tramp living in the men's Shelter	http://genius.com/Beastie-boys-johnny-ryall-lyrics	Beastie Boys	Johnny Ryall	Beastie Boys	128020
Donald Trump	Jussummen	Das EFX	positive	money	1992	I went and break a slut like Donald Trump can break a million	http://genius.com/Das-efx-jussummen-lyrics	Das EFX	Jussummen	Das EFX	20551
Donald Trump	K.O.T.T.O.N.M.O.U.T.H.	Kottonmouth Kings	neutral	The Apprentice	2008	I'm like the Donald Trump of drinking and homie your fired	http://genius.com/Kottonmouth-kings-kottonmouth-lyrics	Kottonmouth Kings	K.O.T.T.O.N.M.O.U.T.H. Song	Kottonmouth Kings	11994
Donald Trump	Karate Chop (Freestyle)	Shaquille O'Neal	neutral	money	2013	"You ain't got enough, better get a loan from Mr. Bill Gates / And Donald Trump, and Carlos Slim"	http://genius.com/Shaquille-oneal-karate-chop-freestyle-lyrics	Shaquille O\'Neal	Karate Chop Freestyle f/ ShaqIsDope	Shaquille O'Neal	1
Donald Trump	Kick Back Music	CyHi The Prynce	neutral	hotel	2013	That might get you staying a couple nights up at the Trump	http://genius.com/Cyhi-the-prynce-kick-back-music-lyrics	CyHi The Prynce	Kick Back Music (Intro) ft. Canji Taylor (Prod by C Tez) (DatPiff Exclusive)	CyHi The Prynce	306
Donald Trump	Kick it Like That	Styles P	positive	hotel	2006	"I'm at the double-oh suites of Trump, for at least a month"	http://genius.com/Styles-p-kick-it-like-that-lyrics	Styles P	Kick It Like That	Styles P	1902
Hillary Clinton	Krazy	Pitbull	neutral	personal	2009	Obama with no color / Hillary with no Bill	http://genius.com/Pitbull-krazy-lyrics	Pitbull	Krazy	Pitbull	87183
Donald Trump	Last Year	Borgore	neutral	power	2014	"Fuck the Trump, I want my own tower"	http://genius.com/Borgore-last-year-lyrics	Borgore	Last Year	Borgore	5359
Hillary Clinton	Let's Stay Together	Ludacris	negative	personal	2008	"Hillary's still with Bill Clinton, how do they do it? / He got his dick sucked and the whole damn WORLD knew it"	http://genius.com/Ludacris-lets-stay-together-lyrics	Ludacris	Let's Stay Together	Ludacris	537
Hillary Clinton	Letter to the King	The Game	neutral	political	2008	If Dr. King marched today would Bill Gates march / I know Obama would but would Hilary take part	http://genius.com/The-game-letter-to-the-king-lyrics	The Game	Letter To The King (feat. Nas)	The Game	11737
Donald Trump	LIE-Z	Fat Boys	positive	money	1989	"Boy, I got money like Donald Trump!"	http://genius.com/Fat-boys-lie-z-lyrics	Fat Boys	"Lie-Z (7"" Lie)"	Fat Boys	384
Hillary Clinton	Life So Hard	Migos	positive		2015	Make a basic bitch feel like Hillary Clinton	http://genius.com/Migos-life-so-hard-lyrics	Migos	Life So Hard [Prod. By Zaytoven]	Migos	81
Donald Trump	Lights	Frank Ocean	neutral	money	2011	Donald Trump said buy an apartment wit her	http://genius.com/Frank-ocean-lights-lyrics	Frank Ocean	Lights [Prod. Midi Mafia]	Frank Ocean	3262
Hillary Clinton	Little This Little That	Naj Murph	neutral	personal	2013	I need a Hillary so let me know if you fit the bill; when we chill	http://genius.com/Naj-murph-little-this-little-that-lyrics	Naj Murph	Little This Little That (prod. by Spencer Greene)	Naj Murph	1
Donald Trump	Living the Life	The Notorious B.I.G.	positive	money	2005	"Twenty seven cars and a twelve bedroom house, Now they call me Snoopy Trump"	http://genius.com/The-notorious-big-living-the-life-lyrics	The Notorious B.I.G.	Living The Life (feat. Snoop Dogg Ludacris Faith Evans Cheri Dennis & Bobby Valentino)	The Notorious B.I.G.	6622
Donald Trump	Loaded	Young Thug	neutral		2013	(Uh!) Plottin' on Donald Trump (woo! woo!)	http://genius.com/Young-thug-loaded-lyrics	Young Thug	Loaded	Young Thug	684
Donald Trump	Loco	Young Buck	negative	political	2015	And I'm fuck wat Donald Trump talk bout I like change when I met Rosetta	http://genius.com/Young-buck-loco-lyrics	Young Buck	Loco	Young Buck	80
Donald Trump	Loco-Motive	Nas	positive	money	2012	"Like Trump being up down up, play with cash"	http://genius.com/Nas-loco-motive-lyrics	Nas	Loco-Motive	Nas	28393
Hillary Clinton	Lollipop	Lil Wayne	neutral	personal	2008	"And when I'm at the bottom, she Hillary Rodham"	http://genius.com/Lil-wayne-lollipop-lyrics	Lil Wayne	Lollipop	Lil Wayne	8
Donald Trump	Look Me in My Eyes	Vado	positive	hotel	2014	"Having a bunch in the Plaza, top floor on the Trump"	http://genius.com/Vado-look-me-in-my-eyes-lyrics	Vado	Look Me In My Eyes	Vado	300
Donald Trump	Loose	Spank Rock	positive	hotel	2008	"Ain't that what you want, a Hilton ain't a Trump"	http://genius.com/Spank-rock-loose-lyrics	Spank Rock	Loose	Spank Rock	5387
Donald Trump	Lost a Fan	KXNG Crooked	neutral	money	2016	"She homeless and they don't give a fuck / Gentrification, they laughin' getting rich as Trump"	http://genius.com/Statik-kxng-lost-a-fan-lyrics	STATIK KXNG	Lost A Fan	Kxng Crooked	8
Donald Trump	Love Don't Cost a Thing (Neptunes Remix)	Ghostface Killah	positive	money	2012	"Big lobster dishes wit Trump, this how come I feel for you"	http://genius.com/Jennifer-lopez-love-dont-cost-a-thing-neptunes-remix-lyrics	Jennifer Lopez	Love Don't Cost A Thing ft. Jennifer Lopez Neptunes Remix)	Ghostface Killah	1
Donald Trump	Mafioso	Kool G. Rap	positive	hotel	1998	Can't stop until I got a Casa up in Trump plaza	http://genius.com/Kool-g-rap-mafioso-lyrics	Kool G Rap	Mafioso	Kool G Rap	2190
Donald Trump	Make the World Go Round	Nas	positive	hotel	2008	Get the whole Trump Tower top floor for the hood	http://genius.com/Nas-make-the-world-go-round-lyrics	Nas	Make the World Go Round (Feat. Chris Brown and The Game)	Nas	10086
Hillary Clinton	Make U Feel Alright	Jay Da Menace	positive	personal	2009	"Got'chu feelin me the way that Jada feelin Will / And Hillary feelin Bill, a chick that gon' keep it real - f'real"	http://genius.com/Juvenile-make-u-feel-alright-lyrics	Juvenile	Make U Feel Alright	Jay Da Menace	1
Donald Trump	Maybe You Love Me	RiFF RAFF	positive	hotel	2014	Trump towers with Donald (Donald) I can't drive a Honda (uh uh)	http://genius.com/Riff-raff-maybe-you-love-me-lyrics	RiFF RAFF	Maybe You Love Me (Feat. Mike Posner)	Riff Raff	5450
Donald Trump	Midgets and Giants	Sage Francis	neutral	The Apprentice	2007	"Fuck an apprentice, I've got more firepower than Donald Trump"	http://genius.com/Sage-francis-midgets-and-giants-lyrics	Sage Francis	Midgets and Giants	Sage Francis	18776
Donald Trump	Misconceptions 3	Jgivens	neutral	political	2016	They shocked to see us like Donald Trump up in a taqueria	http://genius.com/Lecrae-misconceptions-3-lyrics	Lecrae	Misconceptions 3 (feat. John Givez Jgivens & Jackie Hill Perry)	Lecrae	1220
Donald Trump	Miss U	Young Thug	positive	money	2013	Feel like Donald Trump	http://genius.com/Young-thug-miss-u-lyrics	Young Thug	Miss U	Young Thug	2965
Donald Trump	Mo Cars Mo Hoes	Fabolous	positive	money	2008	"They know I'm hood rich, Donald Trump of the pumpers"	http://genius.com/Fabolous-mo-cars-mo-hoes-lyrics	Fabolous	Mo Cars Mo Hoes (Feat. Freck Billionaire)	Fabolous	1064
Donald Trump	Mo Cars Mo Hoes	Freck Billionaire	positive	hotel	2008	"Trump Tower, you ain't got the same room as me"	http://genius.com/Fabolous-mo-cars-mo-hoes-lyrics	Fabolous	Mo Cars Mo Hoes Pt. 2	Freck Billionaire	2
Donald Trump	Molly (remix)	Boston George	positive	money	2013	Big money like Donald Trump	http://genius.com/Boston-george-molly-remix-lyrics	Boston George	Molly (Remix) (Feat. Meek Mill and Kirko Bangz)	Boston George	40
Donald Trump	Money and the Power	Scarface	positive	money	1991	"n---- rollin hard, stackin paper like Trump"	http://genius.com/Scarface-money-and-the-power-lyrics	Scarface	Money And The Power	Scarface	8318
Donald Trump	Money Is My Bitch	Nas	positive	personal	1999	The best couple they seen since Trump and Marla Maple	http://genius.com/Nas-money-is-my-bitch-lyrics	Nas	Money Is My Bitch	Nas	28211
Jeb Bush	Money Man	Gorilla Zoe	negative	personal	2007	I'm comin back from Florida / Wit Jeb Bush and his daughter	http://genius.com/Gorilla-zoe-money-man-lyrics	Gorilla Zoe	Money Man (Amended Album Version)	Gorilla Zoe	127641
Hillary Clinton	Money Man	Gorilla Zoe	neutral	personal	2007	"Keep dat white girl Hillary, a pound of Bill Clinton"	http://genius.com/Gorilla-zoe-money-man-lyrics	Gorilla Zoe	Money Man (Amended Album Version)	Gorilla Zoe	127641
Donald Trump	Money Talks	Double X Posse	positive	money	1995	A bank account so fat that Donald Trump would wanna be me	http://genius.com/Double-x-double-xx-posse-money-talks-lyrics	Double X (Double XX Posse)	Money Talks	Double X Posse	0
Donald Trump	Morphine	Gorilla Warfare Tactics	positive	hotel	2013	Like I�m Trump and yelling out on the tower top of the Taj	http://genius.com/Gorilla-warfare-tactics-morphine-lyrics	Gorilla Warfare Tactics	Morphine	Gorilla Warfare Tactics	104
Donald Trump	Motion	Curren$y	positive	hotel	2012	Car service brung me to the Trump Tower	http://genius.com/Curren-y-motion-lyrics	Curren$y	Motion ft. Cornerboy P (DatPiff Exclusive)	Curren$y	948
Donald Trump	Muzzle Toe	Wu-Syndicate	positive	money	1999	"It's reg or not, pockets love Trump Donald"	http://genius.com/Wu-syndicate-muzzle-toe-lyrics	Wu-Syndicate	Muzzle Toe	Wu-Syndicate	419
Donald Trump	My Drink n My 2 Step (Remix)	Kanye West	neutral	The Apprentice	2007	"We fired motherfuckers, Donald Trump n----"	http://genius.com/Cassidy-my-drink-n-my-2-step-remix-lyrics	Cassidy	My Drink N My 2 Step (Remix)	Kanye West	3
Hillary Clinton	My Heart	Jae Tips	neutral	personal	2011	Michelle to my Obama / You Hilary my Clinton	http://genius.com/Jae-tips-my-heart-lyrics	Jae Tips	My Heart	Jae Tips	3
Donald Trump	My Speech (Queen's Speech Remix)	Sik World	neutral	political	2016	Tryna battle me's dumb / Like a Mexican voting for Donald Trump	http://genius.com/Sik-world-my-speech-queens-speech-remix-lyrics	Sik World	My Speech (Queen's Speech Remix)	Sik World	1
Donald Trump	Neighborhood Scientists	Migos	positive	money	2015	Living life like Donald Trump	http://genius.com/Migos-neighborhood-scientists-lyrics	Migos	Neighborhood Scientists	Migos	376
Donald Trump	New World	Nas	neutral	money	1999	The new Don Trump is Bill Gates	http://genius.com/Nas-new-world-lyrics	Nas	New World	Nas	20258
Donald Trump	New York Minute (Remix)	Nicki Minaj	positive	hotel	2010	I remember how it felt when the twin towers fell I was in the Trump Towers looking for some shower gel	http://genius.com/French-montana-new-york-minute-remix-lyrics	French Montana	New York Minute (Remix)	Nicki Minaj	115
Ben Carson	Next Black President	King Los	positive		2011	I was the heart transplant when hip hop died / Verbally I�'m Ben Carson	http://genius.com/King-los-next-black-president-lyrics	King Los	Next Black President (Prod by Baron Boyz)	King Los	2
Donald Trump	No Shots	7L & Esoteric	positive	money	2010	It's like Trump in your crib countin' money with you	http://genius.com/7l-no-shots-lyrics	7L & Esoteric	No Shots	7L & Esoteric	2289
Donald Trump	No Smoke	Montana of 300	negative		2016	It's fuck all you n----s like Trump	http://genius.com/Montana-of-300-no-smoke-lyrics	Montana of 300	No Smoke (feat. Talley of 300)	Montana of 300	289
Hillary Clinton	No Sunshine	Rhymefest	positive	money	2007	Until we all fuckin' with bills/Bill's like Hillary Rodham	http://genius.com/Rhymefest-no-sunshine-lyrics	Rhymefest	No Sunshine (Rhymefest) [prod. by Emile]	Rhymefest	2100
Donald Trump	Nobody Speak	El-P	negative	personal	2016	Flame your crew quicker than Trump fucks his youngest	http://genius.com/Dj-shadow-nobody-speak-lyrics	DJ Shadow	Nobody Speak (feat. Run the Jewels)	DJ Shadow	65765
Mike Huckabee	None Shall Pass	Aesop Rock	neutral		2011	"Wither by the watering hole, Border patrol / What are we to Heart Huckabee"	http://genius.com/Aesop-rock-none-shall-pass-lyrics	Aesop Rock	None Shall Pass	Aesop Rock	176317
Donald Trump	Nothing More	DeDa	positive	money	2003	"Cause boom, you can be Donald Trump and shit"	http://genius.com/Pete-rock-nothing-more-lyrics	Dedi Baby Pa	Nothing More	Deda	1048
Hillary Clinton	Nothing on My Mind	AllDay	neutral		2013	Young buck but I never suck call me Hillary	http://genius.com/Allday-nothing-on-my-mind-lyrics	Allday	Nothing On My Mind (Ft. Prime)	Allday	95
Hillary Clinton	Now That I'm Paid	Rick Ross	neutral		2012	Whip it in the kitchen before Hillary became a Clinton	http://genius.com/The-game-now-that-im-paid-lyrics	The Game	Now That I'm Paid (Feat. Game)	Rick Ross	22
Hillary Clinton	Nunca	Chino XL	neutral		2001	"I'll shoot out with Bill & Hillary, still won't run out of artillery"	http://genius.com/Chino-xl-nunca-lyrics	Chino XL	Nunca	Chino XL	5176
Hillary Clinton	NYMP	Jay Z	neutral	political	1999	"I take and rape villages, who gon' stop him? / Not Rudy Guiliani, not Hillary Rodham"	http://genius.com/Jay-z-nymp-lyrics	JAY-Z	nymp	JAY Z	0
Donald Trump	Off the Corner	Meek Mill	positive	money	2014	Going Donald Trump numbers on the corner	http://genius.com/Meek-mill-off-the-corner-lyrics	Meek Mill	Off the Corner (feat. Rick Ross)	Meek Mill	4608
Donald Trump	On the Real	Nas	positive	hotel	2011	"Up in the Trump Plaza, Suite 3010"	http://genius.com/Nas-on-the-real-lyrics	Nas	On The Real	Nas	20706
Donald Trump	On the Way	Young Thug	positive	money	2014	Bitches got bumps and I'm rich just like Donald Trump	http://genius.com/Mpa-duke-on-the-way-lyrics	Lil Duke	On the Way (Feat. MPA Duke)	Young Thug	8
Donald Trump	Once Upon a Time	King Sun	positive	money	1994	Today I'm livin large as if my last name was Trump	http://genius.com/King-sun-once-upon-a-time-lyrics	King Sun	once upon a time	King Sun	212
Donald Trump	One Name	Sheek Louch	positive	money	2005	"Big trips, Louis bags, welcome to the ice (bling) / Rock big enough to make Trump look twice"	http://genius.com/Sheek-louch-one-name-lyrics	Sheek Louch	One Name Feat. Carl Thomas	Sheek Louch	556
Donald Trump	Open Your Mind	Black The Ripper	positive	money	2013	"Who am I kidding, I'm try'na live lavish like Trump"	http://genius.com/Black-the-ripper-open-your-mind-lyrics	Black The Ripper	Open Your Mind (feat. Jyager)	Black The Ripper	19
Donald Trump	Out Here	The Weeknd	positive	hotel	2016	I'm out here in the Trump Tower	http://genius.com/The-weeknd-out-here-lyrics	The Weeknd	Out Here	The Weeknd	717
Donald Trump	P.A.	Mac Miller	negative	personal	2011	Donald Trump with better hair	http://genius.com/Freeway-pa-lyrics	Freeway	P.A. feat. Freeway	Mac Miller	1
Donald Trump	Paid	Kid Rock	positive	money	1996	I'll still be in the house getting paid like Trump	http://genius.com/Kid-rock-paid-lyrics	Kid Rock	Paid	Kid Rock	11998
Donald Trump	Party Ain't A Party	2 Chainz	positive	hotel	2014	Exit the club to the Trump	http://genius.com/Jamie-foxx-party-aint-a-party-lyrics	Jamie Foxx	Party Ain't A Party	Jamie Foxx	8715
Donald Trump	Perfume	Aasim	positive	hotel	2013	"Four Seasons or the Trump, come have a sleep over"	http://genius.com/Aasim-perfume-lyrics	Aasim	PERFUME FEAT CHRIS BROWN (DatPiff Exclusive)	Aasim	7
Donald Trump	Pimp Slap	Tyler the Creator	neutral	personal	2008	With my Donald Trump hair piece you're an apprentice	http://genius.com/Left-brain-pimp-slap-lyrics	Left Brain	Pimp Slap Feat. Ace x Hodgy	Left Brain	9311
Donald Trump	Pimps (Free Stylin at the Fortune 500 Club)	The Coup	positive	money	1994	Trump Trump check out the cash in my trunk / I am Donald Trump me think you mighta heard about me	http://genius.com/The-coup-pimps-free-stylin-at-the-fortune-500-club-lyrics	The Coup	Pimps (Free Stylin At The Fortune 500 Club)	The Coup	1350
Donald Trump	Pirates	Rick Ross	positive	money	2012	"Resurrection of the real, time to get the richer than Trump"	http://genius.com/Rick-ross-pirates-lyrics	Rick Ross	Pirates	Rick Ross	33611
Donald Trump	PlaneWalker	Bobby Raps	positive	money	2015	I do more deals than Donald Trump does	http://genius.com/Bobby-raps-planewalker-wuhuwahnmi2du-lyrics	Bobby Raps	PlaneWalker (wuhUwahnMi2dü)	Bobby Raps	20
Donald Trump	Playas Only	The Game	neutral	hotel	2006	Bet she ain't never seen the penthouse at The Trump	http://genius.com/The-game-playas-only-lyrics	The Game	Playa's Only	The Game	1512
Ted Cruz	PNT	Apollo Brown & Ras Kass	negative	political	2015	Fuck Fox News and fuck Ted Cruz	http://genius.com/Apollo-brown-and-ras-kass-pnt-lyrics	Apollo Brown & Ras Kass	PNT	Apollo Brown & Ras Kass	106
Donald Trump	PNT	Apollo Brown & Ras Kass	neutral	political	2015	"He Kenyan, Trump wanted his certificate of birth"	http://genius.com/Apollo-brown-and-ras-kass-pnt-lyrics	Apollo Brown & Ras Kass	PNT	Apollo Brown & Ras Kass	106
Donald Trump	Pocket Full of Stones	UGK	positive		1992	Fuck Black Caesar n----s call me Black Trump	http://genius.com/Ugk-pocket-full-of-stones-lyrics	UGK	Pocket Full Of Stones	UGK	13064
Hillary Clinton	Poizon Windz	Monsta Island Czars	neutral		2003	"Head essential lightning agency throats, thinkin of Hilary Clinton"	http://genius.com/Monsta-island-czars-poizon-windz-lyrics	Monsta Island Czars	Poizon Windz	Monsta Island Czars	10074
Hillary Clinton	Politics as Usual (Obama Is Here)	Ludacris	negative	political	2008	Hillary hated on you so that {censored} bitch is irrelevant	http://genius.com/Ludacris-politics-as-usual-obama-is-here-lyrics	Ludacris	Politics As Usual (Obama Is Here)	Ludacris	18
Donald Trump	Pop Style (Remix)	Devvon Terrell	neutral	personal	2016	You want official like Donald Trump hair	http://genius.com/Devvon-terrell-pop-style-remix-lyrics	Devvon Terrell	Pop Style (Remix) [feat feat. Damien Esco]	Devvon Terrell	1
Hillary Clinton	Pressure	Killer Mike	negative	political	2008	Or you a dirty n---- working for a fucking Clinton / Or you dirty n---- working for a fucking Bush	http://genius.com/Killer-mike-pressure-lyrics	Killer Mike	Pressure	Killer Mike	2630
Donald Trump	Priceless	Tory Lanez	positive	money	2014	I'm countin' money like I'm Donald Trump	http://genius.com/Tory-lanez-priceless-lyrics	Tory Lanez	Priceless	Tory Lanez	437
Donald Trump	Purpose	Young Thug	neutral		2015	"No Donald, I'd Trump that bitch"	http://genius.com/Young-thug-purpose-lyrics	Young Thug	Purpose	Young Thug	789
Donald Trump	Pussy	Strings	positive	money	2002	I'm sitting on some make em holla pussy / Bill Gates Donald Trump million dollar pussy	http://genius.com/Strings-pussy-lyrics	Strings	Pussy	Strings	5
Donald Trump	Put Ya in Da Game	Fat Joe	positive	hotel	2009	"I took her out of the 'jects, the top floor of the Trump"	http://genius.com/Fat-joe-put-ya-in-da-game-lyrics	Fat Joe	Put Ya In Da Game (Feat T-Pain & OZ)	Fat Joe	640
Donald Trump	R.I.C.O. (Remix)	Waka Flocka Flame	negative	political	2015	"And fuck Donald Trump, man / I'm sending you straight to Mexico to live in, motherfucker"	http://genius.com/Waka-flocka-flame-rico-remix-lyrics	Waka Flocka Flame	R.I.C.O Remix	Waka Flocka Flame	1
Donald Trump	Racks	Lil Wayne	positive	money	2011	Get money like Donald Trump	http://genius.com/Lil-wayne-racks-on-racks-lyrics	Lil Wayne	Racks (Freestyle)	Lil Wayne	0
Donald Trump	Raiders Cap	Demigodz	negative	personal	2013	Blow your wig to the side like hair on Donald Trump	http://genius.com/Demigodz-raiders-cap-lyrics	Demigodz	Raiders Cap (Instrumental)	demigodz	0
Donald Trump	Ransom	Rich White Ladies	negative		2015	Tie Donald Trump to a stump take a bump with him and a drag	http://genius.com/Rich-white-ladies-ransom-lyrics	Rich White Ladies	Ransom	RICH WHITE LADIES	749
Donald Trump	Red Dot Music	Loaded Lux	neutral	money	2013	I'm gon' rob this chump / On a party on Fifth Ave like he Donald Trump	http://genius.com/Mac-miller-red-dot-music-lyrics	Mac Miller	Red Dot Music	Loaded Lux	2
Donald Trump	Reputations on the Line	Kevin Gates	positive	money	2011	"Money right, my feelings ice, I'm Donald Trump when it's precise"	http://genius.com/Kevin-gates-reputations-on-the-line-lyrics	Kevin Gates	REPUTATIONS ON THE LINE	Kevin Gates	780
Hillary Clinton	Rich the GOAT	Rich The Kid	positive	political	2016	"Hillary hit the dab, Ima vote"	http://genius.com/Rich-the-kid-rich-the-goat-lyrics	Rich The Kid	Rich The Goat	Rich The Kid	62
Donald Trump	Right to Bare Arms	Killah Priest	negative		2005	This one's for the cops and the war lord Trump	http://genius.com/Maccabeez-right-to-bare-arms-lyrics	Maccabeez	Right to Bare Arms Feat Ambass	Killah Priest	1
Hillary Clinton	RNQ	Rhymefest	negative	political	2009	"Hillary, Jesse Jack, even Barack's involved / When police beatin' our ass, none of y'all do a damn thang"	http://genius.com/Rhymefest-rnq-lyrics	Rhymefest	RNQ (Rhymefest) [prod. by DJ Premier]	Rhymefest	380
Hillary Clinton	Role Model	Eminem	negative		1999	Hillary Clinton tried to slap me and call me a pervert / I ripped her fucking tonsils out and fed her sherbet (bitch!)	http://genius.com/Eminem-role-model-lyrics	Eminem	Role Model	Eminem	221814
Donald Trump	Sacrifices	Rich Homie Quan	positive	money	2013	"Ask Donald Trump, I want his figures"	http://genius.com/Rich-homie-quan-sacrifices-lyrics	Rich Homie Quan	Sacrifices	Rich Homie Quan	956
Donald Trump	Salute	The Diplomats	neutral	hotel	2010	"She was wearin pumps, headed to the Trump"	http://genius.com/The-diplomats-salute-lyrics	The Diplomats	Salute	The Diplomats	1751
Hillary Clinton	Set Me Free	Crunch Lo	neutral		2005	"I'm so sex, and my Bonnie, my mami, my Hillary Rod"	http://genius.com/Dom-pachino-set-me-free-lyrics	Dom Pachino	Set Me Free (ft. Dom Pachino & Nina)	Crunch Lo	1
Donald Trump	She Wanna Fuck	Rick Ross	positive	money	2015	"Bel Air bottles like a boss, penthouse at the Trump"	http://genius.com/Rick-ross-she-wanna-fuck-lyrics	Rick Ross	She Wanna Fuck (feat. August Alsina)	Rick Ross	269
Hillary Clinton	Shit Iz Real	Shyheim	neutral	money	1996	Where ya at? Cats sacking green/ Bill/Hill Clinton	http://genius.com/Shyheim-shit-iz-real-lyrics	Shyheim	Shit Iz Real	Shyheim	2437
Hillary Clinton	Shoot Me a Fair One	Papoose	negative	political	2008	"More like Obama versus Hillary, nothing / A intelligent black man against a woman"	http://genius.com/Papoose-shoot-me-a-fair-one-lyrics	Papoose	Shoot Me A Fair One	Papoose	39592
Jeb Bush	Shoot Me in the Head	R.A. The Rugged Man	negative	political	2013	"Obama nation, the Bushes, the Clintons or '80s Reaganomics / It don't matter, the government always be taking your profits"	http://genius.com/Ra-the-rugged-man-shoot-me-in-the-head-lyrics	R.A. the Rugged Man	Shoot Me in the Head	R.A. the Rugged Man	7886
Donald Trump	Shootin	Juicy J	neutral	The Apprentice	2013	And fire them shots just like I'm Donald Trump	http://genius.com/Juicy-j-shootin-lyrics	Juicy J	Shootin feat. Wiz Khalifa	Juicy J	119
Donald Trump	Shorty	Chingy	positive	money	2003	"I'm the young Donald Trump, is y'all hearin me?"	http://genius.com/Busta-rhymes-shorty-lyrics	Busta Rhymes	Shorty (Put It on the Floor)	Chingy	52
Hillary Clinton	Shorty Baby	Bas	negative	personal	2013	Makin me call Lewinski / You fuckin up like Hilary did	http://genius.com/Bas-shorty-baby-lyrics	Bas	Shorty Baby (Prod. by BBP)	Bas	222
Donald Trump	Shyne	Shyne	positive	hotel	2004	"And dick for you bitches, up in the Trump Tower"	http://genius.com/Shyne-shyne-lyrics	Shyne	Shyne	Shyne	8389
Donald Trump	Since Day 1	Migos	positive	money	2013	"I got the white man money, call me Donald Trump"	http://genius.com/Migos-since-day-1-lyrics	Migos	Since Day 1 (Bonus)	Migos	97
Hillary Clinton	Single Again (Remix)	Trina	positive		2007	Like Hillary Clinton / I'm the boss	http://genius.com/Trina-single-again-remix-lyrics	Trina	Single Again (Official Remix) Feat. Lil Wayne Rick Ross & Plies	Trina	222
Donald Trump	Sirens	Hoodie Allen	positive	hotel	2014	Last night at the Trump Tower taking drunk showers	http://genius.com/Hoodie-allen-sirens-lyrics	Hoodie Allen	Sirens (feat. Alex Wiley)	Hoodie Allen	4064
Donald Trump	Sixteen	Rick Ross	positive	hotel	2012	Trump Tower and I started with a 10 speed	http://genius.com/Rick-ross-sixteen-lyrics	Rick Ross	Sixteen	Rick Ross	15908
Donald Trump	Skill Trade	Nice	positive	money	1990	I'm not rich like Donald Trump	http://genius.com/Nice-skill-trade-lyrics	Nice & Smooth	Skill Trade	Nice & Smooth	1072
Hillary Clinton	Sky Lanterns	Social Club	neutral		2015	Hillary Jane over Hilary Rodham	http://genius.com/Social-club-sky-lanterns-lyrics	Social Club Misfits	Sky Lanterns (feat. Marissa Jerome)	Social Club	226
Donald Trump	Skypager	A Tribe Called Quest	positive	money	1991	Beeper's goin off like Don Trump gets checks	http://genius.com/A-tribe-called-quest-skypager-lyrics	A Tribe Called Quest	Skypager	A Tribe Called Quest	123755
Donald Trump	SkyScraper V	D.R.C	positive	money	2013	I'm trying to make it large trying to Donald Trump it	http://genius.com/Drc-skyscraper-v-lyrics	AC	Skyscraper V [Explicit]	D.R.C	0
Hillary Clinton	Smilin' Faces	Kutt Calhoun	negative		2008	Look at Hillary Clinton when she speak / Looking like the devil with a grin	http://genius.com/Kutt-calhoun-smilin-faces-lyrics	Kutt Calhoun	Smilin Faces	Kutt Calhoun	3
Donald Trump	So Appalled	Kanye West	neutral	money	2010	"Balding, Donald Trump taking dollars from y'all"	http://genius.com/Kanye-west-so-appalled-lyrics	Kanye West	So Appalled	Kanye West	170641
Donald Trump	So Tight	Hugh Lee	neutral	sexual	2015	She getting down and she stick it out for that money shot / Trump cake	http://genius.com/Hugh-lee-so-tight-lyrics	Hugh Lee	So Tight	Hugh Lee	3
Donald Trump	So What	Far East Movement	positive	money	2010	Hundred dollar bills stacked higher than the Trump	http://genius.com/Far-east-movement-so-what-lyrics	Far East Movement	So What?	Far East Movement	54531
Donald Trump	Soldiers	Master P	neutral		1998	Follow me dumpin' n----s study humpin' I ain't Donald Trump	http://genius.com/C-murder-soldiers-lyrics	C-Murder	Soldiers	C-Murder	335
Hillary Clinton	One	Corny	positive	money	2014	"Blowing up like some artillery, Bills coming to me like Hillary"	http://genius.com/Corny-one-lyrics	Corny	song #1	Corny	1
Donald Trump	Soundscience	Souls of Mischief	neutral	personal	2000	They high drama like Trump and Ivana	http://genius.com/Souls-of-mischief-soundscience-lyrics	Souls of Mischief	Soundscience	Souls of Mischief	2398
Donald Trump	Speed Law	Yasiin Bey (Mos Def)	positive	hotel	1999	Rocked the Trump Tower to the terrordome	http://genius.com/Yasiin-bey-speed-law-lyrics	Yasiin Bey	Speed Law	Mos Def	129400
Donald Trump	Spend Some Cheese	Shyne	positive	money	2000	"Like Don Trump, Black Ted Turner, totin burners"	http://genius.com/Shyne-spend-some-cheese-lyrics	Shyne	Spend Some Cheese	Shyne	1827
Hillary Clinton	Stand Tall	Ice Cube	negative		2008	Never put your trust in Hillary Rodham / Cause I can tell you now it's gon' turn out rotten	http://genius.com/Ice-cube-stand-tall-lyrics	Ice Cube	Stand Tall	Ice Cube	10240
Donald Trump	Still Get It in Ohio	Machine Gun Kelly	neutral		2010	And they call me Donald Trump Mr. O-H-I-O took your misses / And now you just Mr. I-hate-my-ho (lame)	http://genius.com/Machine-gun-kelly-still-get-it-in-ohio-lyrics	Machine Gun Kelly	Still Get It In Ohio	Machine Gun Kelly	1467
Donald Trump	Straight Drop	Gucci Mane	neutral		2015	"Hugo Boss, [?], I just Donald Trump you"	http://genius.com/Gucci-mane-straight-drop-lyrics	Gucci Mane	Straight Drop	Gucci Mane	257
Donald Trump	Street 2 Street	Jay-O-Felony	positive	money	1997	Smokin the hump with dreams of livin lavish like Donald Trump	http://genius.com/Jay-o-felony-street-2-street-lyrics	Jayo Felony	Street 2 Street	Jayo Felony	147
Donald Trump	Strip Club Luv	69 Boyz	positive	money	1998	Girl if your beauty was a dollar you'd be richer than Trump	http://genius.com/69-boyz-strip-club-luv-lyrics	69 Boyz	Strip Club Luv	69 Boyz	66
Donald Trump	Success	Jay Z	positive	hotel	2007	I got watches I ain't seen in months / Apartment at the Trump; I only slept in once	http://genius.com/Jay-z-success-lyrics	JAY-Z	Success	JAY Z	0
Donald Trump	Suicide	Fabolous	positive	hotel	2008	"It's Loso, a.k.a the 1 Trump Plaza suite creeper"	http://genius.com/Fabolous-suicide-lyrics	Fabolous	Suicide	Fabolous	1859
Hillary Clinton	Sway in the Morning Freestyle	Eminem	negative	political	2015	"But Hilllary, I promise to wipe my server clean if you face subpoenas"	http://genius.com/Eminem-sway-in-the-morning-freestyle-lyrics	Eminem	Sway in The Morning Freestyle	Eminem	28
Donald Trump	Sway in The Morning Freestyle	Eminem	negative	political	2015	I'm fucked worse than Donald Trump on Lexapro in Mexico across from a Texaco in McDonald's drunk	http://genius.com/Eminem-sway-in-the-morning-freestyle-lyrics	Eminem	Sway in The Morning Freestyle	Eminem	28
Donald Trump	Take It Off Part 2	Busta Rhymes	positive	hotel	2002	Kennedy loft hoes mackin at the top of the Trump Towers	http://genius.com/Busta-rhymes-take-it-off-part-2-lyrics	Busta Rhymes	Take It Off Part 2	Busta Rhymes	1392
Hillary Clinton	Take Notice	Sheek Louch	neutral		2012	"Hillary said I frighten her / Alarm go off, choking off the teeth whitener"	http://genius.com/Wu-block-take-notice-lyrics	Wu Block	Take Notice (Feat. Ghostface Killah and Sheek Louch)	Sheek Louch	1
Donald Trump	Tell Me What You're Lookin' For	Kane & Abel	positive	money	1998	"Kane and Abel in this bitch, gettin' rich as Trump"	http://genius.com/Kane-tell-me-what-youre-lookin-for-lyrics	Kane	Tell Me What You're Lookin For ft. Gotti and Full Blooded	Kane & Abel	4
Jeb Bush	Tell Me Why	Zeno	neutral	personal	2005	I was promised eternal life from the beginning / But look at Bush and his brother	http://genius.com/Vanilla-ice-tell-me-why-lyrics	Vanilla Ice	Tell Me Why	Vanilla Ice	629
Donald Trump	The Coup	The Coup	negative	political	1993	"Break yourself Trump, it's collection day"	http://genius.com/The-coup-the-coup-lyrics	The Coup	The Coup	The Coup	4099
Donald Trump	The Dangerous Three	R.A. The Rugged Man	positive	power	2013	"I'm the Don: Corleone, Cornelius, Trump, King"	http://genius.com/Ra-the-rugged-man-the-dangerous-three-lyrics	R.A. the Rugged Man	The Dangerous Three	R.A. the Rugged Man	5061
Donald Trump	The Ebonic Plague	Ras Kass	neutral		1997	Donald Trump wouldn't let you shine his shoes my man	http://genius.com/Cru-the-ebonic-plague-lyrics	Cru	The Ebonic Plague (Cru)	Ras Kass	6
Hillary Clinton	The Ghetto Won't Change	Master P	negative	political	1996	"Every dollar I make, ten go back to Hillary and Bill, I guess life is real"	http://genius.com/Master-p-the-ghetto-wont-change-lyrics	Master P	The Ghetto Won't Change	Master P	417
Donald Trump	The Morning News	Chamillionaire	neutral		2007	Rosie O'Donnell and Donald Trump stay arguin' about nonsense	http://genius.com/Chamillionaire-the-morning-news-lyrics	Chamillionaire	The Morning News	Chamillionaire	90349
Donald Trump	The People's Douche	Spose	neutral	money	2013	Donald Trump just asked me for spare change	http://genius.com/Spose-the-peoples-douche-lyrics	Spose	The People's Douche	Spose	379
Jeb Bush	The Truth	Diabolic	negative	political	2006	What you heard before ain't as big of a lesson / As George and Jeb Bush rigging elections	http://genius.com/Diabolic-the-truth-lyrics	Diabolic	The Truth (Part 1)	Diabolic	177
Donald Trump	Think Like a Man	Rick Ross	positive	hotel	2012	"Penthouse, at the Trump, sit on Collins Ave"	http://genius.com/Jennifer-hudson-think-like-a-man-lyrics	Jennifer Hudson	Think Like A Man (Feat. Ne-Yo & Jennifer Hudson)	Rick Ross	19
Donald Trump	This Is the Life	Rick Ross	positive	hotel	2008	"I'm in Trump Towers, amongst earners"	http://genius.com/Rick-ross-this-is-the-life-lyrics	Rick Ross	This Is The Life (featuring Trey Songz)	Rick Ross	6278
Donald Trump	Thought U Lost It	Caskey	negative	political	2016	Our country-fucked if I'm assessin' the candidates / If Donald Trump wins maybe a man of space	http://genius.com/Caskey-thought-u-lost-it-lyrics	Caskey	Thought U Lost It	Caskey	93
Donald Trump	Thoughts From a Balcony	Mac Miller	positive	money	2012	"My khaki's filled with cheese, my homie Sap is on the beat like it was ""Donald Trump,"" a fucking hit but I just call it luck"	http://genius.com/Mac-miller-thoughts-from-a-balcony-lyrics	Mac Miller	Thoughts From A Balcony (prod. Sap)	Mac Miller	6429
Donald Trump	Thug Chronicles	Kool G. Rap	positive	money	2002	Collect Trump papers with pumps and gauges	http://genius.com/Kool-g-rap-thug-chronicles-lyrics	Kool G Rap	Thug Chronicles	Kool G Rap	1522
Hillary Clinton	Thugz Tear Dropz	Young Noble	negative		2013	Until we really saw the true problem / Even Hilary couldn't rob him	http://genius.com/Young-noble-thugz-tear-dropz-lyrics	Young Noble & Hussein Fatal	Thugz tear dropz - Young Noble Featuring Hellrazah Prod by 4Th Disiple	Young Noble & Hussein Fatal	10
Donald Trump	Tim Westwood Freestyle	Kanye West	positive	money	2004	"Uh, more like Donald Trump, with the way I get it crunk"	http://genius.com/Kanye-west-tim-westwood-freestyle-lyrics	Kanye West	Tim Westwood Freestyle	Kanye West	30
Hillary Clinton	TimeZone	Saba	positive	personal	2014	Y'all ain't near and dear to me like William and Hillary	http://genius.com/Saba-timezone-lyrics	Saba	TimeZone	Saba	1204
Donald Trump	Trailer	Ace Hood	positive	money	2013	"I'm trying to get richer than Trump, a couple million for lunch"	http://genius.com/Ace-hood-trailer-lyrics	Ace Hood	Trailer (Prod by Cardiak) (DatPiff Exclusive)	Ace Hood	469
Donald Trump	Trap Problems	Migos	neutral	The Apprentice	2015	"Feeling like Donald Trump, bitch you is fired"	http://genius.com/Migos-trap-problems-lyrics	Migos	Trap Problems	Migos	558
Donald Trump	Tru Master	Pete Rock	positive	money	1998	In hot pursuit of Donald Trump rap loot	http://genius.com/Pete-rock-tru-master-lyrics	Pete Rock	Tru Master	Pete Rock	5553
Donald Trump	Trump	Jeezy	positive	money	2011	Richest n---- in my hood; call me Donald Trump	http://genius.com/Jeezy-trump-lyrics	Jeezy	TRUMP	Jeezy	0
Donald Trump	Trump Change	E-40	positive	money	1998	"Trump change, I'm talkin Donald Trump change"	http://genius.com/E-40-trump-change-lyrics	E-40	Trump Change	E-40	780
Donald Trump	Truth	God	positive	money	2014	"Tryna add a couple more zeroes, Donald Trump is my hero"	http://genius.com/God-truth-lyrics	God	Truth	God	309
Hillary Clinton	Twisted Thoughts	ISO	neutral	political	2015	"Couldn't pay my bills, where the fuck is Hillary?"	http://genius.com/King-iso-twisted-thoughts-lyrics	King-ISO	Twisted Thoughts (feat. Twisted Insane)	Iso	223
Hillary Clinton	Unapologetic	Charles Hamilton	negative	political	2008	"You more like Hillary / Only in it cuz you used to fuck the ex leader, n----"	http://genius.com/Charles-hamilton-unapologetic-lyrics	Charles Hamilton	Unapologetic	Charles Hamilton	1563
Donald Trump	Up Like Trump	Rae Sremmurd	positive	personal	2015	Up like Donald Trump	http://genius.com/Rae-sremmurd-up-like-trump-lyrics	Rae Sremmurd	Up Like Trump	Rae Sremmurd	28270
Bernie Sanders	Valleys	Lupe Fiasco	positive	political	2015	"Uh, Bernie Sanders need a Nike deal"	http://genius.com/Lupe-fiasco-valleys-lyrics	Lupe Fiasco	Valleys	Lupe Fiasco	1917
Hillary Clinton	Vietnam	Mickey Factz	neutral	political	2008	Nothing against Hilary Clinton / But Obama's about to be winning	http://genius.com/Mickey-factz-vietnam-lyrics	Mickey Factz	Vietnam	Mickey Factz	788
Donald Trump	Way It Go	SD	positive	political	2015	Presidential shit; the hood Donald Trump	http://genius.com/Sd-way-it-go-lyrics	SD	Way It Go	SD	169
Hillary Clinton	We Can Get It On	Yo Gotti	neutral	personal	2012	"We like Hova and B / Maybe Hillary, Bill"	http://genius.com/Yo-gotti-we-can-get-it-on-lyrics	Yo Gotti	We can Get It On	Yo Gotti	11660
Donald Trump	We Gon' Make It	Diddy	positive	money	2006	"That Bill Gates, Donald Trump, Bloomberg money"	http://genius.com/Puff-daddy-we-gon-make-it-lyrics	Puff Daddy	We Gon Make It (feat. Jack Knight)	Diddy	1000
Donald Trump	We Made Our Own	Future	positive	money	2013	"I'm John Gotti paid, now I'm going Donald Trump"	http://genius.com/Future-we-made-our-own-lyrics	Future	We Made Our Own	Future	275
Donald Trump	Webster's Laboratory	Chris Webby	neutral	The Apprentice	2011	So authentic Donald Trump is my apprentice	http://genius.com/Chris-webby-websters-laboratory-lyrics	Chris Webby	Webster's Laboratory (Intro)	Chris Webby	174
Mike Huckabee	Wellstone	Soul Khan	negative		2012	Might find the door but never touch the key / They get tricked by slick Mike Huckabee	http://genius.com/Soul-khan-wellstone-lyrics	Soul Khan	Wellstone (feat. Akie Bermiss)	Soul Khan	1583
Donald Trump	Wet Dollars	Tink	positive	hotel	2015	Downtown livin' at the Trump	http://genius.com/Tink-wet-dollars-lyrics	Tink	Wet Dollars	Tink	2166
Donald Trump	Wet! Wet! Wet!	Princess Superstar	neutral	hotel	2002	"Wet in the elevator, Trump Tower or my lunch hour"	http://genius.com/Princess-superstar-wet-wet-wet-lyrics	Princess Superstar	Wet!Wet!Wet!	Princess Superstar	2748
Donald Trump	What We Doing	Fat Trel	positive	hotel	2014	Where we at? (Trump Tower)	http://genius.com/Fat-trel-what-we-doing-lyrics	Fat Trel	What  We Doing (Feat. Tracy T) [Prod. By Famous]	Fat Trel	184
Hillary Clinton	What If	Nas	neutral		2009	What if Hilary and them was Reptilian? / And 2012 was the end of men and all world civilians?	http://genius.com/Jadakiss-what-if-lyrics	Jadakiss	What If (Feat. Jadakiss)	Nas	16
Donald Trump	What More Can I Say	Jay Z	positive	hotel	2003	I'm at the Trump International: ask for me I ain't never scared	http://genius.com/Jay-z-what-more-can-i-say-lyrics	JAY-Z	What More Can I Say	JAY Z	0
Hillary Clinton	What's Goin' On	Gravediggaz	neutral	personal	1997	"Killa Bee, presidential suite, Bill and Hillary"	http://genius.com/Gravediggaz-whats-goin-on-lyrics	Gravediggaz	What's Goin On [feat. 9th Prince & Blue Raspberry]	Gravediggaz	73
Hillary Clinton	Whatever You Want	Big Sean	positive	money	2010	Leading lady like Hillary grabbing big Bills	http://genius.com/Big-sean-whatever-you-want-lyrics	Big Sean	Whatever You Want feat. Kanye West	Big Sean	1755
Hillary Clinton	Where They Do That At	Yo Gotti	positive		2015	All I know is white girl I call her Hillary cause that bitch got power plus she so considerate	http://genius.com/Yo-gotti-where-they-do-that-at-lyrics	Yo Gotti	Where They Do That At	Yo Gotti	624
Hillary Clinton	White Girl (Remix)	Rick Ross	positive		2007	"Hilary Clinton, she my best friend / Even co-signed for that new white Benz"	http://genius.com/Jeezy-white-girl-remix-lyrics	U.S.D.A.	white girl remix ft. young jeezy lil wayne fabolous	Rick Ross	565
Donald Trump	Wicked Freestyle	Jadakiss	negative		2016	Got the cuban sitting on the fuck Trump crewneck	http://genius.com/Fabolous-wicked-freestyle-lyrics	Fabolous & Jadakiss	Wicked Freestyle	Jadakiss	2
Donald Trump	World War 6	Boosie Badazz	neutral	political	2016	"If Trump wins, he�s saying he�s building the wall to stop the dope"	http://genius.com/Boosie-badazz-world-war-6-lyrics	Boosie Badazz	World War 6	Boosie Badazz	334
Donald Trump	Yeah Yeah Yeah	Akala	positive	money	2006	"It amazes me, these rappers are so dumb / Get they advance and think they Trump"	http://genius.com/Akala-yeah-yeah-yeah-lyrics	Akala	Yeah Yeah Yeah	Akala	10875
Donald Trump	You Know What	Tinie Tempah	neutral	The Apprentice	2011	"Donald Trump profit, take an apprenticeship"	http://genius.com/Tinie-tempah-you-know-what-lyrics	Tinie Tempah	You Know What	Tinie Tempah	1560
Donald Trump	Your World & My World	Raekwon	positive	hotel	2011	"Wild fight, customized dice, get nice in the Trump Tower"	http://genius.com/Raekwon-your-world-and-my-world-lyrics	Raekwon	Your World and My World (feat. Havoc) [Bonus Track]	Raekwon	395
Hillary Clinton	Yzark	Proof	neutral	personal	2004	While Clinton got head I was in the sack with old Hillary	http://genius.com/Proof-yzark-lyrics	Proof	Yzark	Proof	1395
Donald Trump	Zion	Omen	neutral		2015	"No Donald Trump, Bill Gates or Bruce Wayne / The only thing I had to my name was a few dreams"	http://genius.com/Omen-zion-lyrics	Omen	Zion	Omen	311
Donald Trump	Protect Ya Neck II the Zoo	12 O'Clock - Brooklyn Zu	positive	money	1995	"Given the power punch, soon to be paid like Donald Trump"	http://genius.com/Ol-dirty-bastard-protect-ya-neck-ii-the-zoo-lyrics	Ol\' Dirty Bastard	Protect Ya Neck Ii The Zoo	Ol' Dirty Bastard	15000
Donald Trump	I Don't Play With Guns	Alley Boy	neutral		2011	"Add up our word: all the nonbelievers in white chalk / Trump n----, talk shit"	http://genius.com/Juicy-j-i-dont-play-with-guns-lyrics	Juicy J	I Don't Play with Guns	Juicy J	1813
Hillary Clinton	No Church in the Wild Freestyle	Angel Haze	negative	political	2012	"We goverend by fucking animals hello Mr. Obama, Comma Mrs. Obama comma future elections, hello Hillary Rodham"	http://genius.com/Angel-haze-no-church-in-the-wild-freestyle-lyrics	ROES	No Church in the Wild	Angel Haze	808
Hillary Clinton	Again (Stankonia Remix)	Big Boi	neutral		2001	"Thinkin the Hillary Clinton, not to mention, and she got yo baby"	http://genius.com/Lenny-kravitz-again-stankonia-remix-lyrics	Lenny Kravitz	Again (Stankonia remix)	Lenny Kravitz	229
Donald Trump	Flavas Back	Chino Tovar	negative	political	2015	Stop deportation we just chasing dreams / Donald Trump - King of Slavery	http://genius.com/The-sindicate-flavas-back-lyrics	The Sindicate		The Sindicate
Donald Trump	Making Some Moves	DAJ	negative		2015	"Young n----s get it, fuck Donald Trump"	http://genius.com/Daj-making-some-moves-lyrics	DAJ	Making Some Moves (Missed Calls)	Daj'	1
Donald Trump	Tightanic	Demark	positive	money	2014	We'�ll run the market like we be Donald Trump	http://genius.com/Double-p-tightanic-lyrics	Double P		Double P
Donald Trump	My Word Is Bond	Donald D	positive		1989	"And after that me and Donald Trump hung out / Donald talkin' 'bout Donald Trump,' man, y'all is crazy"	http://genius.com/Ice-t-my-word-is-bond-lyrics	Ice-T	My World Is Bond	Ice-T	2
Donald Trump	Best Days of Lives	Donnis	neutral		2011	"I'm a Mac bitch, I stay on my Donald Trump shit"	http://genius.com/Xv-best-days-of-lives-lyrics	XV	Best Days of Lives	XV	1787
Donald Trump	Dis Ain't What You Want (Remix)	French Montana	negative		2013	"You can hate, don't frown, my n---- / With Donald Trump in the trunk, my n----"	http://genius.com/Lil-durk-dis-aint-what-you-want-remix-lyrics	Lil Durk	Dis Ain't What You Want (Remix)	Lil Durk	34
Donald Trump	Turn It Into Somethin'	Frost	positive	hotel	1999	Real G's posted up at the Trump Towers	http://genius.com/Frost-turn-it-into-somethin-lyrics	OG Kid Frost		OG Kid Frost
Donald Trump	Dag Philly Too	Homeboy Sandman	neutral		2013	"Before a Trump, the billionaire punks was the pattern"	http://genius.com/Homeboy-sandman-dag-philly-too-lyrics	Homeboy Sandman	Dag Philly Too	Homeboy Sandman	1307
Donald Trump	Song for the Ville	J.Cole	neutral	money	2010	"Bill Gates, Donald Trump, motherfucker let me in"	http://genius.com/J-cole-song-for-the-ville-lyrics	J. Cole	Song for the Ville	J. Cole	3688
Hillary Clinton	Mayor Bloomberg: Who's Really in Control?	Jasiri X	neutral		2013	2016 that's right Hillary I'll show you what a Billie means	http://genius.com/Jasiri-x-mayor-bloomberg-whos-really-in-control-lyrics	Jasiri X		Jasiri X
Hillary Clinton	Bitch Don't Kill My Vibe (Remix)	Jay Z	neutral		2012	Sittin' next to Hillary smellin' like dank	http://genius.com/Kendrick-lamar-bitch-dont-kill-my-vibe-remix-lyrics	Kendrick Lamar	Bitch Don't Kill My Vibe (Remix)	Kendrick Lamar	2148
Donald Trump	Zoom Zooms and Wam Wam	Jay-O-Felony	positive	personal	1995	"I wanna be like Donald Trump, not Willie Lump-Lump"	http://genius.com/Jay-o-felony-zoom-zooms-and-wam-wam-lyrics	Jayo Felony	Zoom Zooms and Wam Wam	Jayo Felony	585
Hillary Clinton	I Luv Your Girl (Remix)	Jeezy	neutral		2008	"It goes Hillary Clinton, Barack Obama"	http://genius.com/The-dream-i-luv-your-girl-remix-lyrics	The-Dream	I Luv Your Girl (Remix)	The-Dream	574
Donald Trump	Thug Motivation 101	Jeezy	positive		2005	I'm Donald Trump in a white tee and white 1's (chea)	http://genius.com/Jeezy-thug-motivation-101-lyrics	Jeezy	Thug Motivation 101	Young Jeezy	31600
Donald Trump	Hollow Da Don vs. Joe Budden	Joe Budden	neutral	The Apprentice	2014	"Senseless, Apprentice I thought Da Don knew Trump (Donald Trump)"	http://genius.com/Total-slaughter-hollow-da-don-vs-joe-budden-lyrics	Total Slaughter
Hillary Clinton	Tec in the Church	Joyner Lucas	neutral		2016	"Hillary Clinton ain't gon' like this, she's fanning next to a serpent"	http://genius.com/Jarren-benton-tec-in-the-church-lyrics	Jarren Benton	Tec in the Church	Jarren Benton	208
Hillary Clinton	U Ain't Fresh	KAM	neutral	personal	2000	"Like Bill ass Hillary, ""what's up?"" / Still love me, pretty young thang?"	http://genius.com/Dj-quik-u-aint-fresh-lyrics	DJ Quik	U Ain't Fresh	DJ Quik	768
Hillary Clinton	R.I.P.	King Kold	neutral		2014	Was content with that basic shit / My Hillary Clinton	http://genius.com/King-kold-rip-lyrics	King Kold		King Kold
Donald Trump	Minority Report	KXNG Crooked	positive	hotel	2013	"I�m in the Trump and the National out in Sunny Isles, Miami"	http://genius.com/Crooked-i-minority-report-lyrics	Crooked I	Crooked I	Minority Report	69
Donald Trump	Shut Up Bitch	Lil Kim	positive	hotel	2005	"I'm in the Trump International, 30 floors up (so high)"	http://genius.com/Lil-kim-shut-up-bitch-lyrics	Lil\' Kim	Shut Up Bitch	Lil Kim	71
Donald Trump	What's Up Wit Dat	Lil Wayne	positive	money	2000	Next time you see me I'll have money like Donald Trump	http://genius.com/Juvenile-whats-up-wit-dat-lyrics	Juvenile
Donald Trump	Lil Snupe Meek Mill Freestyle Part 2	Lil' Snupe	positive	money	2013	And show her how I get it like I'm Donald Trump	http://genius.com/Lil-snupe-lil-snupe-meek-mill-freestyle-part-2-lyrics	Lil\' Snupe	Lil Snupe Freestyle	Lil Snupe	183
Donald Trump	Red Drops	Limbz	negative	money	2016	My main problem with Trump is how he uses money as distortion / Shows that one man's cash can be everyone's misfortune	http://genius.com/Limbz-red-drops-lyrics	Limbz
Hillary Clinton	Male Feminist	Mazeman	positive	political	2011	"Hilary Clinton, yeah she's winning"	http://genius.com/Mc-lars-male-feminist-lyrics	MC Lars	Male Feminist (Featuring Mazeman)	MC Lars	541
Hillary Clinton	Fuck the Government	Mediumjay	negative	political	2012	"Fuck, The Governments Shit / Fuck, Hillary Clinton that Bitch"	http://genius.com/Mediumjay-fuck-the-government-lyrics	Mediumjay
Donald Trump	Bizarre	Mouf	neutral	The Apprentice	2014	"Here trump shit, Donald Trump shit"	http://genius.com/Jaygo-bizarre-lyrics	Jaygo	Bizarre (ft. Mouf) [prod. ryanlayzer]	Jaygo	1
Donald Trump	The N	Nas	neutral	personal	2006	The Apprentice but not Trump	http://genius.com/Nas-the-n-lyrics	Nas
Hillary Clinton	PSA	Pryde	neutral	personal	2012	But they only like me for my bill like they're Hillary	http://genius.com/Pryde-psa-lyrics	RUSSELL (aka Pryde)
Hillary Clinton	Smells Like	R.A. The Rugged Man	neutral	sexual	2013	"Hillary Clinton can get her clit done with my big tounge / Have the bitch strung, once me dick swung, her lip drip cum"	http://genius.com/Jarren-benton-smells-like-lyrics	Jarren Benton	Smells Like (feat. R.A. The Rugged Man & Mic Buddah)	Jarren Benton	533
Donald Trump	Google That	Raekwon	positive	money	2012	"Black Trump, n----, with fat pockets"	http://genius.com/Nore-google-that-lyrics	N.O.R.E.	Google That (feat. Styles P & Raekwon)	N.O.R.E.	174
Hillary Clinton	We Live This	Roxanne Shant̩	neutral		2000	"Roxanne Shant̩, Hilary Clinton / Lay out the red carpet y'all hoes shut up and listen"	http://genius.com/Big-noyd-we-live-this-lyrics	Big Noyd	We Live This	Big Noyd	156
Hillary Clinton	I'm Me Freestyle	"Royce Da 5'9"""	neutral		2008	"This industry is Hillary Clinton literally, listen / You ain't got no choice now"	http://genius.com/Royce-da-59-im-me-freestyle-lyrics	Royce Da 5\xe2\x80\x999\xe2\x80\x9d	I'm Me Freestyle	"Royce Da 5'9"""	1630
Donald Trump	Vagina	"Royce Da 5'9"""	positive	hotel	2010	I'm in the Trump Tower shower washin' ink off me	http://genius.com/Royce-da-59-vagina-lyrics	Royce Da 5\xe2\x80\x999\xe2\x80\x9d	Vagina	"Royce Da 5'9"""	1631
Donald Trump	Hard (Freestyle)	"Royce Da 5'9"""	positive	hotel	2016	I'm flyer than Mos Def in a Trump tower surrounded by four chefs	http://genius.com/Royce-da-59-hard-freestyle-lyrics	Royce Da 5\xe2\x80\x999\xe2\x80\x9d	Hard	"Royce Da 5'9"""	2268
Donald Trump	Which Is Cool	Royce da 5�۪9�۝	positive	hotel	2016	"Like Tommy Lee and Pam Anderson, I'm in the Trump Tower"	http://genius.com/Royce-da-59-which-is-cool-lyrics	Royce Da 5\xe2\x80\x999\xe2\x80\x9d	Which Is Cool	"Royce Da 5'9"""	716
Donald Trump	Spraying My Pen	Saukrates	positive	money	2013	"Ain't no apprentice, I'm Donald Trump / Get money, get money, I don't succumb"	http://genius.com/K-os-spraying-my-pen-lyrics	K-os	Spraying My Pen - feat. Saukrates and Shad	K-OS	435
Hillary Clinton	What the Fuck Is Up?	Scarlett	neutral	personal	1999	"Wanna diss me, cuz I cut you down quickly / I'm Hillary to this shit, you still fuckin with Lewinsky"	http://genius.com/Nore-what-the-fuck-is-up-lyrics	N.O.R.E.	What The Fuck Is Up	N.O.R.E.	85
Donald Trump	Big Tyme	Stretch	positive	money	2001	"I'm beyond that, livin' like Trump"	http://genius.com/E-money-bags-big-time-lyrics	E-Money Bags	Big Tyme (feat. 2Pac & Live Squad)	E-Money Bags	2
Donald Trump	MONEY LIKE MY OG	Swagg Porter & Star	positive	hotel	2012	"Now its 1st class Flights, Penthouse at the Trump for the Night"	http://genius.com/Swagg-porter-and-star-money-like-my-og-lyrics	Swagg Porter & Star
Donald Trump	I Think I'm Swipa	Swipa	positive	money	2013	Getting these dollars call me Swipa Trump	http://genius.com/Swipa-i-think-im-swipa-lyrics	Swipa
Donald Trump	Come Down (Remix)	T.I.	negative	political	2016	"I fantasize shooting Trump down, A shot for every black man who got gunned down"	http://genius.com/Anderson-paak-come-down-remix-lyrics	Anderson .Paak	Come Down (Remix)	Anderson .Paak	2452
Donald Trump	Digest It	Tiara	negative	political	2016	"The world gon' end real soon, especially if Trump gets elected"	http://genius.com/Royce-da-59-digest-it-lyrics	Royce Da 5\xe2\x80\x999\xe2\x80\x9d	Digest It	"Royce Da 5'9"""	238
Donald Trump	High Seas (C+)	Tom Hobbes	positive	money	2013	And I'm all about that real estate so Donald Trump I feel you	http://genius.com/Tom-hobbes-high-seas-c-lyrics	Tom Hobbes
Donald Trump	"Blase (Jeezy, Juicy J & Diddy Remix)"	Ty Dolla $ign	negative	political	2015	I don�t fuck with Donald Trump he don�t like us	http://genius.com/Ty-dolla-sign-blase-jeezy-juicy-j-and-diddy-remix-lyrics	Ty Dolla $ign	"Blase (Jeezy, Juicy J & Diddy Remix)"	Ty Dolla $ign	4
Bernie Sanders	The Ancap Rap	Young Rippa	negative	political	2015	Bernie sanders is an economic illiterate	http://genius.com/Young-rippa-the-ancap-rap-lyrics	Young Rippa	Ancap Rap	BackWordz & Outnumbered Presents: Rippa's Raps #2	1
Donald Trump	Keith Sweat (Jodeci Freestyle)	Young Tero	neutral	The Apprentice	2014	"Cause I got goons that keep the fire, no Donald Trump"	http://genius.com/Young-tero-keith-sweat-jodeci-freestyle-lyrics	Young Tero		Young Tero
Hillary Clinton	For Real	Yung God	neutral	personal	2014	"Bang, Heavy artillery young Bill Clint / Make your girl go Hillary boy"	http://genius.com/Yung-god-for-real-lyrics	TheYungGod	For Real ft. Gino Driggs & YLTI	The Yung God	57
